date,term,n_videos,n_regions,weight
2026-08-17,baby,3,12,9847
2026-08-17,cat,3,12,9622
2026-08-17,rtx5050 gtx1080ti,3,12,7292
2026-08-17,pcgaming benchmark,3,12,7292
2026-08-17,benchmark rtx5050,3,12,7292
2026-08-17,iphone,2,12,6317
2026-08-17,ps5,2,13,5661
2026-08-17,gaming,2,13,5661
2026-08-17,built,2,12,5339
2026-08-17,seconds,2,12,5246
2026-08-17,gen,2,12,5224
2026-08-17,wildlife,2,12,5176
2026-08-17,transparent,2,12,5026
2026-08-17,bike,4,7,4576
2026-08-17,facts,2,12,4541
2026-08-17,dog,3,9,4289
2026-08-17,love,2,11,4095
2026-08-17,major,2,9,3765
2026-08-17,movie,2,9,2932
2026-08-17,product,2,9,2840
2026-08-17,driver,2,7,2028
2026-08-17,motovlog,2,7,2020
2026-08-17,moto,2,7,2020
2026-08-17,motorbikes,2,7,2020
2026-08-17,check,2,6,1684
2026-08-17,superman,2,5,1325
2026-08-17,realized,2,4,1050
2026-08-17,have,2,2,692
2026-08-17,build,2,3,570
2026-08-17,home,2,2,509
2026-08-17,dogs,2,2,328
2026-08-17,biker,2,1,278
2026-09-28,tata,10,1,388
2026-09-28,raweggpeeling,3,1,276
2026-09-28,handskills,3,1,276
2026-09-28,slowpeeling,3,1,276
2026-09-28,rawegg,3,1,276
2026-09-28,eggpeeling,3,1,276
2026-09-28,art,3,1,276
2026-09-28,relaxation,3,1,276
2026-09-28,adult,3,1,276
2026-09-28,tata aeris,6,1,247
2026-09-28,mundo,2,1,193
2026-09-28,pro,2,2,190
2026-09-28,space weather,3,1,189
2026-09-28,review,6,1,182
2026-09-28,tractor,3,1,180
2026-09-28,car,3,2,174
2026-09-28,cops,2,1,173
2026-09-28,fully,3,2,172
2026-09-28,money,4,2,160
2026-09-28,earthquakes,3,1,151
2026-09-28,geophysics,3,1,151
2026-09-28,geology,3,1,151
2026-09-28,legal,2,2,140
2026-09-28,india,3,1,134
2026-09-28,suv,3,1,134
2026-09-28,price,3,1,134
2026-09-28,tecnologia,2,1,132
2026-09-28,aeris launched,3,1,132
2026-09-28,solar activity,2,1,128
2026-09-28,jcb 5cx,2,1,121
2026-09-28,5cx fully,2,1,121
2026-09-28,fully loading,2,1,121
2026-09-28,jcb tractor,2,1,121
2026-09-28,sand tata,2,1,121
2026-09-28,tractor gadi,2,1,121
2026-09-28,loading sand,2,1,121
2026-09-28,jcb loader working,2,1,121
2026-09-28,cng amt,3,1,120
2026-09-28,automotive,3,1,113
2026-09-28,about,2,2,112
